{"cameraMode":{"drawMode":0,"name":"Shaded","section":"Shading Mode"},"sceneLighting":false,"audioPlay":false,"sceneViewState":{"m_AlwaysRefresh":false,"showFog":true,"showSkybox":false,"showFlares":true,"showImageEffects":true,"showParticleSystems":true,"showVisualEffectGraphs":true,"m_FxEnabled":true},"in2DMode":false,"pivot":{"x":0.11894100904464722,"y":0.7042697072029114,"z":-0.40856653451919558},"rotation":{"x":-0.027929384261369706,"y":-0.9611586332321167,"z":0.10597150027751923,"w":-0.25332802534103396},"size":0.5447144508361816,"orthographic":false}